{
    "success": true,
    "tagcolors": {
        "\u3010\u60aa\u3011": "#B600FF",
        "greeb": "#55b559",
        "Mau": "#FF00A2",
        "mau": "#FF00A2",
        "Znet": "#FF00A2",
        "znet": "#FF00A2",
        "Haz": "#16a085",
        "alis": "#55b559",
        "Alis": "#55b559",
        "alis.io": "#55b559",
        "Alis.io": "#55b559",
        "ALIS.IO": "#55b559",
        "\u0455\u0442\u03b9\ufb2f \u2765\u2765\ud55c": "#ff6600",
        "\u019d\u2082\u01a7|": "#2196F3",
        "H\u026a:": "#ff00ff",
        "\u01b5\u0166": "#29B6F6",
        "\u210d\u01e4": "#FFA000",
        "\u2660\u2665\u2666\u2663": "#FF5252",
        "\u3010\u5fcd\u3011": "#9E9E9E",
        "\u0197\u0141\u0141uh": "#9E9E9E",
        "\u021a\u03fb\u04ac": "#9E9E9E",
        "\u14ee\u15ef\u15e9\u1610": "#9E9E9E",
        "\u3024\u20ae\u0e1f": "#9E9E9E",
        "G\u2133|": "#9E9E9E",
        "\u2320G\u2133\u2321": "#9E9E9E",
        "\u3016\u1d33\u1d00\u1d2e\u3017": "#CE93D8",
        "\u3010T\u0e04\u0e54 \u3011": "#CE93D8",
        "\u0531\u0567\u057e": "#CE93D8",
        "\u20ae\u211f": "#CE93D8",
        "\u3016\u0e2c\u0e04\u0433\u3017": "#CE93D8",
        "\u2115\u20ae": "#CE93D8",
        "\u15ec\u2653": "#D500F9",
        "\u3064\u307f": "#D500F9",
        "\u010e\u210d": "#D500F9",
        "\u3065\u3093": "#D500F9",
        "\u00d0\u043d": "#D500F9",
        "\u00d0\u3093": "#D500F9",
        "\u3010\u0434\u2717\u20a3\u3011": "#D500F9",
        "PKB": "#CC9900",
        "\u00cd.M.P": "#CC9900",
        "\u03c1\u03c5\u044f\u03b9\u0442\u0443": "#CC9900",
        "\u2718\u0187\u01a6\u2718": "#CC9900",
        "\u300e\u0f3a\u0198\u00b2\u01a7\u0f3b\u300f": "#8BC34A",
        "\u0f3a\u00f8\u210a\u0f3b": "#F48FB1",
        "\u2770\u262f\u00a5\u2771": "#F48FB1",
        "\u3010\u352e\u3011": "#F48FB1",
        "\u2112\u2102\u6770": "#00FFE2",
        "\u049c\u019b\u2112": "#00FFE2",
        "\u0199\u0251\u0250": "#00FFE2",
        "\u3279": "#C51162",
        "\u2468": "#C51162",
        "\u3016\u0166\u03c3\u01fe\u3017": "#C51162",
        " \u15eb\u0134": "#00FFE2",
        "\u04a0\u096f": "#00FFE2",
        "\u3010NG\u3011\n": "#795548",
        "\u3010\u0126\u03c1\u3011": "#FF9800",
        "\u050c\u047a": "#E65100",
        "DoGe": "#23B247",
        "\u2133\u20a1": "#EF5350",
        "\u054f\u2113\u2c65\u10e7\u1d93\u211c": "#EF5350",
        "\u3112\u3112\uff0a": "#EF5350",
        "\u0541\u0427\u27b9\uff17": "#FF00AB",
        "\u211b\u0268\u13ae\u6607": "#6500ff",
        "HKG": "#FF6666",
        "\u70ce": "#FF6666",
        "OK": "#FF6666",
        "\u028d\u03b5\u2020u": "#FFFF00",
        "\u30f4\u3043\uff50": "#FFFF00",
        "\u03bd\u03b9\u03c1": "#FF6666",
        "\u0f3a\u10ef\u0f3b": "#D50000",
        "T\u034aA": "#DD2C00",
        "\u20ae\u1eb2": "#DD2C00",
        "\u2133a\u2131ia": "#DD2C00",
        "\u300a\u211d\u300b": "#75C41F",
        "\u10ae\u03d3": "#FF8C12",
        "\u2131\u01ac|": "#FFEB3B",
        "\u3010\u6226\u72af\u3011": "#AA00FF",
        "\u20b1\u20ac\u3011": "#0DFF05",
        "\u2694\u2164\u2694,": "#FFEE58",
        "\u0418I\u042fV\u039b\u0418\u039b": "2900FF",
        "\u1160": "#FF9C00",
        "\u0f04\u043c": "#00F3FF",
        "\u0f3a\ud835\udd4b\u0f3b": "#7E1479",
        "\ud835\udcde\u019d\u03b5": "#CA00CA",
        "\u300e\u15e9\u14aa\u15f7\u300f": "#4800FF"
    }
}